{
  "AUC": 0.9973034192643727,
  "Accuracy": 0.97,
  "Precision": 0.935064935064935,
  "Recall": 0.9863013698630136,
  "F1": 0.96
}